{
    "theta0": 7930.029251440368,
    "theta1": -4449.625648685479
}